<?xml version="1.0" encoding="UTF-8"?>
<project-private xmlns="http://www.netbeans.org/ns/project-private/1">
    <editor-bookmarks xmlns="http://www.netbeans.org/ns/editor-bookmarks/2" lastBookmarkId="0"/>
    <open-files xmlns="http://www.netbeans.org/ns/projectui-open-files/2">
        <group>
            <file>file:/C:/Users/apple/Desktop/CLICKSTERL/clickster/src/clickster/JLabelBuild.java</file>
            <file>file:/C:/Users/apple/Desktop/CLICKSTERL/clickster/src/clickster/JPanelBuild.java</file>
            <file>file:/C:/Users/apple/Desktop/CLICKSTERL/clickster/src/clickster/Middleware.java</file>
            <file>file:/C:/Users/apple/Desktop/CLICKSTERL/clickster/src/clickster/Pane.java</file>
            <file>file:/C:/Users/apple/Desktop/CLICKSTERL/clickster/src/clickster/ImageList.java</file>
            <file>file:/C:/Users/apple/Desktop/CLICKSTERL/clickster/src/clickster/Milestone.java</file>
            <file>file:/C:/Users/apple/Desktop/CLICKSTERL/clickster/src/clickster/ClickDB.java</file>
            <file>file:/C:/Users/apple/Desktop/CLICKSTERL/clickster/src/clickster/Audio.java</file>
            <file>file:/C:/Users/apple/Desktop/CLICKSTERL/clickster/src/clickster/SaveSystem.java</file>
            <file>file:/C:/Users/apple/Desktop/CLICKSTERL/clickster/src/clickster/Clickster.java</file>
            <file>file:/C:/Users/apple/Desktop/CLICKSTERL/clickster/src/clickster/JButtonBuild.java</file>
        </group>
    </open-files>
</project-private>
